{"nbSquare":3,"step":5,"angles":[0,5,10,15,20,25,30,35,40,45,50,55,60,65,70,75,80,85],"sizes":[23.45908033901358,46.91816067802716,70.37724101704073,93.83632135605431,117.2954016950679,140.75448203408146,164.21356237309504,187.67264271210863],"excursion":0,"scanArea":{"xmin":203.08183932197284,"xmax":296.91816067802716,"ymin":203.08183932197284,"ymax":296.91816067802716},"resultPath":"D:\\overlappingSquares\\src\\result","nx":18,"ny":18}