{"nbSquare":3,"step":5,"angles":[0,10,20,30,40,50,60,70,80],"sizes":[23.45908033901358,46.91816067802716,70.37724101704073,93.83632135605431,117.2954016950679,140.75448203408146,164.21356237309504,187.67264271210863],"excursion":0,"scanArea":{"xmin":203.08183932197284,"xmax":296.91816067802716,"ymin":203.08183932197284,"ymax":296.91816067802716},"resultPath":"D:\\overlappingSquares\\src\\result","nx":18,"ny":18}